iteration,human feature,trajectory feature,feature norm,weights,human likeness,mean human likeness,likelihood
1,"[ 0.00000000e+00  4.65661287e-10 -2.60348244e-05 ...  0.00000000e+00
  0.00000000e+00  0.00000000e+00]","[ 0.00000000e+00  4.65661287e-10 -2.60348244e-05 ...  0.00000000e+00
  0.00000000e+00  0.00000000e+00]",0.0,"[ 0.04476218  0.0248308  -0.0450454  ... -0.07735946 -0.01479258
  0.01060683]",[0 0 0 0 0],0.0,0.0
2,"[ 0.00000000e+00  4.65661287e-10 -2.60348244e-05 ...  0.00000000e+00
  0.00000000e+00  0.00000000e+00]","[ 0.00000000e+00  4.65661287e-10 -2.60348244e-05 ...  0.00000000e+00
  0.00000000e+00  0.00000000e+00]",0.0,"[ 0.04467265  0.02478114 -0.04495531 ... -0.07720474 -0.014763
  0.01058562]",[0 0 0 0 0],0.0,0.0
3,"[ 0.00000000e+00  4.65661287e-10 -2.60348244e-05 ...  0.00000000e+00
  0.00000000e+00  0.00000000e+00]","[ 0.00000000e+00  4.65661287e-10 -2.60348244e-05 ...  0.00000000e+00
  0.00000000e+00  0.00000000e+00]",0.0,"[ 0.04458331  0.02473157 -0.0448654  ... -0.07705033 -0.01473347
  0.01056445]",[0 0 0 0 0],0.0,0.0
4,"[ 0.00000000e+00  4.65661287e-10 -2.60348244e-05 ...  0.00000000e+00
  0.00000000e+00  0.00000000e+00]","[ 0.00000000e+00  4.65661287e-10 -2.60348244e-05 ...  0.00000000e+00
  0.00000000e+00  0.00000000e+00]",0.0,"[ 0.04449414  0.02468211 -0.04477567 ... -0.07689623 -0.014704
  0.01054332]",[0 0 0 0 0],0.0,0.0
5,"[ 0.00000000e+00  4.65661287e-10 -2.60348244e-05 ...  0.00000000e+00
  0.00000000e+00  0.00000000e+00]","[ 0.00000000e+00  4.65661287e-10 -2.60348244e-05 ...  0.00000000e+00
  0.00000000e+00  0.00000000e+00]",0.0,"[ 0.04440515  0.02463275 -0.04468612 ... -0.07674244 -0.01467459
  0.01052223]",[0 0 0 0 0],0.0,0.0
6,"[ 0.00000000e+00  4.65661287e-10 -2.60348244e-05 ...  0.00000000e+00
  0.00000000e+00  0.00000000e+00]","[ 0.00000000e+00  4.65661287e-10 -2.60348244e-05 ...  0.00000000e+00
  0.00000000e+00  0.00000000e+00]",0.0,"[ 0.04431634  0.02458348 -0.04459674 ... -0.07658895 -0.01464525
  0.01050119]",[0 0 0 0 0],0.0,0.0
7,"[ 0.00000000e+00  4.65661287e-10 -2.60348244e-05 ...  0.00000000e+00
  0.00000000e+00  0.00000000e+00]","[ 0.00000000e+00  4.65661287e-10 -2.60348244e-05 ...  0.00000000e+00
  0.00000000e+00  0.00000000e+00]",0.0,"[ 0.04422771  0.02453431 -0.04450755 ... -0.07643578 -0.01461596
  0.01048019]",[0 0 0 0 0],0.0,0.0
8,"[ 0.00000000e+00  4.65661287e-10 -2.60348244e-05 ...  0.00000000e+00
  0.00000000e+00  0.00000000e+00]","[ 0.00000000e+00  4.65661287e-10 -2.60348244e-05 ...  0.00000000e+00
  0.00000000e+00  0.00000000e+00]",0.0,"[ 0.04413925  0.02448524 -0.04441853 ... -0.0762829  -0.01458672
  0.01045923]",[0 0 0 0 0],0.0,0.0
9,"[ 0.00000000e+00  4.65661287e-10 -2.60348244e-05 ...  0.00000000e+00
  0.00000000e+00  0.00000000e+00]","[ 0.00000000e+00  4.65661287e-10 -2.60348244e-05 ...  0.00000000e+00
  0.00000000e+00  0.00000000e+00]",0.0,"[ 0.04405098  0.02443627 -0.0443297  ... -0.07613034 -0.01455755
  0.01043831]",[0 0 0 0 0],0.0,0.0
10,"[ 0.00000000e+00  4.65661287e-10 -2.60348244e-05 ...  0.00000000e+00
  0.00000000e+00  0.00000000e+00]","[ 0.00000000e+00  4.65661287e-10 -2.60348244e-05 ...  0.00000000e+00
  0.00000000e+00  0.00000000e+00]",0.0,"[ 0.04396287  0.0243874  -0.04424104 ... -0.07597808 -0.01452843
  0.01041743]",[0 0 0 0 0],0.0,0.0
11,"[ 0.00000000e+00  4.65661287e-10 -2.60348244e-05 ...  0.00000000e+00
  0.00000000e+00  0.00000000e+00]","[ 0.00000000e+00  4.65661287e-10 -2.60348244e-05 ...  0.00000000e+00
  0.00000000e+00  0.00000000e+00]",0.0,"[ 0.04387495  0.02433863 -0.04415256 ... -0.07582612 -0.01449938
  0.0103966 ]",[0 0 0 0 0],0.0,0.0
12,"[ 0.00000000e+00  4.65661287e-10 -2.60348244e-05 ...  0.00000000e+00
  0.00000000e+00  0.00000000e+00]","[ 0.00000000e+00  4.65661287e-10 -2.60348244e-05 ...  0.00000000e+00
  0.00000000e+00  0.00000000e+00]",0.0,"[ 0.0437872   0.02428995 -0.04406425 ... -0.07567447 -0.01447038
  0.0103758 ]",[0 0 0 0 0],0.0,0.0
13,"[ 0.00000000e+00  4.65661287e-10 -2.60348244e-05 ...  0.00000000e+00
  0.00000000e+00  0.00000000e+00]","[ 0.00000000e+00  4.65661287e-10 -2.60348244e-05 ...  0.00000000e+00
  0.00000000e+00  0.00000000e+00]",0.0,"[ 0.04369962  0.02424137 -0.04397612 ... -0.07552312 -0.01444144
  0.01035505]",[0 0 0 0 0],0.0,0.0
14,"[ 0.00000000e+00  4.65661287e-10 -2.60348244e-05 ...  0.00000000e+00
  0.00000000e+00  0.00000000e+00]","[ 0.00000000e+00  4.65661287e-10 -2.60348244e-05 ...  0.00000000e+00
  0.00000000e+00  0.00000000e+00]",0.0,"[ 0.04361222  0.02419289 -0.04388817 ... -0.07537207 -0.01441256
  0.01033434]",[0 0 0 0 0],0.0,0.0
15,"[ 0.00000000e+00  4.65661287e-10 -2.60348244e-05 ...  0.00000000e+00
  0.00000000e+00  0.00000000e+00]","[ 0.00000000e+00  4.65661287e-10 -2.60348244e-05 ...  0.00000000e+00
  0.00000000e+00  0.00000000e+00]",0.0,"[ 0.043525    0.0241445  -0.04380039 ... -0.07522133 -0.01438373
  0.01031367]",[0 0 0 0 0],0.0,0.0
16,"[ 0.00000000e+00  4.65661287e-10 -2.60348244e-05 ...  0.00000000e+00
  0.00000000e+00  0.00000000e+00]","[ 0.00000000e+00  4.65661287e-10 -2.60348244e-05 ...  0.00000000e+00
  0.00000000e+00  0.00000000e+00]",0.0,"[ 0.04343795  0.02409621 -0.04371279 ... -0.07507089 -0.01435496
  0.01029305]",[0 0 0 0 0],0.0,0.0
17,"[ 0.00000000e+00  4.65661287e-10 -2.60348244e-05 ...  0.00000000e+00
  0.00000000e+00  0.00000000e+00]","[ 0.00000000e+00  4.65661287e-10 -2.60348244e-05 ...  0.00000000e+00
  0.00000000e+00  0.00000000e+00]",0.0,"[ 0.04335107  0.02404802 -0.04362537 ... -0.07492075 -0.01432625
  0.01027246]",[0 0 0 0 0],0.0,0.0
18,"[ 0.00000000e+00  4.65661287e-10 -2.60348244e-05 ...  0.00000000e+00
  0.00000000e+00  0.00000000e+00]","[ 0.00000000e+00  4.65661287e-10 -2.60348244e-05 ...  0.00000000e+00
  0.00000000e+00  0.00000000e+00]",0.0,"[ 0.04326437  0.02399992 -0.04353812 ... -0.0747709  -0.0142976
  0.01025192]",[0 0 0 0 0],0.0,0.0
19,"[ 0.00000000e+00  4.65661287e-10 -2.60348244e-05 ...  0.00000000e+00
  0.00000000e+00  0.00000000e+00]","[ 0.00000000e+00  4.65661287e-10 -2.60348244e-05 ...  0.00000000e+00
  0.00000000e+00  0.00000000e+00]",0.0,"[ 0.04317784  0.02395192 -0.04345104 ... -0.07462136 -0.01426901
  0.01023141]",[0 0 0 0 0],0.0,0.0
20,"[ 0.00000000e+00  4.65661287e-10 -2.60348244e-05 ...  0.00000000e+00
  0.00000000e+00  0.00000000e+00]","[ 0.00000000e+00  4.65661287e-10 -2.60348244e-05 ...  0.00000000e+00
  0.00000000e+00  0.00000000e+00]",0.0,"[ 0.04309149  0.02390402 -0.04336414 ... -0.07447212 -0.01424047
  0.01021095]",[0 0 0 0 0],0.0,0.0
21,"[ 0.00000000e+00  4.65661287e-10 -2.60348244e-05 ...  0.00000000e+00
  0.00000000e+00  0.00000000e+00]","[ 0.00000000e+00  4.65661287e-10 -2.60348244e-05 ...  0.00000000e+00
  0.00000000e+00  0.00000000e+00]",0.0,"[ 0.0430053   0.02385621 -0.04327741 ... -0.07432318 -0.01421199
  0.01019053]",[0 0 0 0 0],0.0,0.0
22,"[ 0.00000000e+00  4.65661287e-10 -2.60348244e-05 ...  0.00000000e+00
  0.00000000e+00  0.00000000e+00]","[ 0.00000000e+00  4.65661287e-10 -2.60348244e-05 ...  0.00000000e+00
  0.00000000e+00  0.00000000e+00]",0.0,"[ 0.04291929  0.0238085  -0.04319086 ... -0.07417453 -0.01418356
  0.01017015]",[0 0 0 0 0],0.0,0.0
23,"[ 0.00000000e+00  4.65661287e-10 -2.60348244e-05 ...  0.00000000e+00
  0.00000000e+00  0.00000000e+00]","[ 0.00000000e+00  4.65661287e-10 -2.60348244e-05 ...  0.00000000e+00
  0.00000000e+00  0.00000000e+00]",0.0,"[ 0.04283346  0.02376088 -0.04310447 ... -0.07402618 -0.0141552
  0.01014981]",[0 0 0 0 0],0.0,0.0
24,"[ 0.00000000e+00  4.65661287e-10 -2.60348244e-05 ...  0.00000000e+00
  0.00000000e+00  0.00000000e+00]","[ 0.00000000e+00  4.65661287e-10 -2.60348244e-05 ...  0.00000000e+00
  0.00000000e+00  0.00000000e+00]",0.0,"[ 0.04274779  0.02371336 -0.04301826 ... -0.07387813 -0.01412688
  0.01012951]",[0 0 0 0 0],0.0,0.0
25,"[ 0.00000000e+00  4.65661287e-10 -2.60348244e-05 ...  0.00000000e+00
  0.00000000e+00  0.00000000e+00]","[ 0.00000000e+00  4.65661287e-10 -2.60348244e-05 ...  0.00000000e+00
  0.00000000e+00  0.00000000e+00]",0.0,"[ 0.04266229  0.02366593 -0.04293223 ... -0.07373037 -0.01409863
  0.01010925]",[0 0 0 0 0],0.0,0.0
26,"[ 0.00000000e+00  4.65661287e-10 -2.60348244e-05 ...  0.00000000e+00
  0.00000000e+00  0.00000000e+00]","[ 0.00000000e+00  4.65661287e-10 -2.60348244e-05 ...  0.00000000e+00
  0.00000000e+00  0.00000000e+00]",0.0,"[ 0.04257697  0.0236186  -0.04284636 ... -0.07358291 -0.01407043
  0.01008903]",[0 0 0 0 0],0.0,0.0
27,"[ 0.00000000e+00  4.65661287e-10 -2.60348244e-05 ...  0.00000000e+00
  0.00000000e+00  0.00000000e+00]","[ 0.00000000e+00  4.65661287e-10 -2.60348244e-05 ...  0.00000000e+00
  0.00000000e+00  0.00000000e+00]",0.0,"[ 0.04249181  0.02357136 -0.04276067 ... -0.07343574 -0.01404229
  0.01006885]",[0 0 0 0 0],0.0,0.0
28,"[ 0.00000000e+00  4.65661287e-10 -2.60348244e-05 ...  0.00000000e+00
  0.00000000e+00  0.00000000e+00]","[ 0.00000000e+00  4.65661287e-10 -2.60348244e-05 ...  0.00000000e+00
  0.00000000e+00  0.00000000e+00]",0.0,"[ 0.04240683  0.02352422 -0.04267515 ... -0.07328887 -0.01401421
  0.01004871]",[0 0 0 0 0],0.0,0.0
29,"[ 0.00000000e+00  4.65661287e-10 -2.60348244e-05 ...  0.00000000e+00
  0.00000000e+00  0.00000000e+00]","[ 0.00000000e+00  4.65661287e-10 -2.60348244e-05 ...  0.00000000e+00
  0.00000000e+00  0.00000000e+00]",0.0,"[ 0.04232202  0.02347717 -0.0425898  ... -0.0731423  -0.01398618
  0.01002861]",[0 0 0 0 0],0.0,0.0
30,"[ 0.00000000e+00  4.65661287e-10 -2.60348244e-05 ...  0.00000000e+00
  0.00000000e+00  0.00000000e+00]","[ 0.00000000e+00  4.65661287e-10 -2.60348244e-05 ...  0.00000000e+00
  0.00000000e+00  0.00000000e+00]",0.0,"[ 0.04223737  0.02343022 -0.04250462 ... -0.07299601 -0.01395821
  0.01000856]",[0 0 0 0 0],0.0,0.0
31,"[ 0.00000000e+00  4.65661287e-10 -2.60348244e-05 ...  0.00000000e+00
  0.00000000e+00  0.00000000e+00]","[ 0.00000000e+00  4.65661287e-10 -2.60348244e-05 ...  0.00000000e+00
  0.00000000e+00  0.00000000e+00]",0.0,"[ 0.0421529   0.02338336 -0.04241961 ... -0.07285002 -0.01393029
  0.00998854]",[0 0 0 0 0],0.0,0.0
32,"[ 0.00000000e+00  4.65661287e-10 -2.60348244e-05 ...  0.00000000e+00
  0.00000000e+00  0.00000000e+00]","[ 0.00000000e+00  4.65661287e-10 -2.60348244e-05 ...  0.00000000e+00
  0.00000000e+00  0.00000000e+00]",0.0,"[ 0.04206859  0.02333659 -0.04233477 ... -0.07270432 -0.01390243
  0.00996856]",[0 0 0 0 0],0.0,0.0
33,"[ 0.00000000e+00  4.65661287e-10 -2.60348244e-05 ...  0.00000000e+00
  0.00000000e+00  0.00000000e+00]","[ 0.00000000e+00  4.65661287e-10 -2.60348244e-05 ...  0.00000000e+00
  0.00000000e+00  0.00000000e+00]",0.0,"[ 0.04198446  0.02328992 -0.0422501  ... -0.07255891 -0.01387463
  0.00994863]",[0 0 0 0 0],0.0,0.0
34,"[ 0.00000000e+00  4.65661287e-10 -2.60348244e-05 ...  0.00000000e+00
  0.00000000e+00  0.00000000e+00]","[ 0.00000000e+00  4.65661287e-10 -2.60348244e-05 ...  0.00000000e+00
  0.00000000e+00  0.00000000e+00]",0.0,"[ 0.04190049  0.02324334 -0.0421656  ... -0.07241379 -0.01384688
  0.00992873]",[0 0 0 0 0],0.0,0.0
35,"[ 0.00000000e+00  4.65661287e-10 -2.60348244e-05 ...  0.00000000e+00
  0.00000000e+00  0.00000000e+00]","[ 0.00000000e+00  4.65661287e-10 -2.60348244e-05 ...  0.00000000e+00
  0.00000000e+00  0.00000000e+00]",0.0,"[ 0.04181669  0.02319685 -0.04208127 ... -0.07226896 -0.01381918
  0.00990887]",[0 0 0 0 0],0.0,0.0
36,"[ 0.00000000e+00  4.65661287e-10 -2.60348244e-05 ...  0.00000000e+00
  0.00000000e+00  0.00000000e+00]","[ 0.00000000e+00  4.65661287e-10 -2.60348244e-05 ...  0.00000000e+00
  0.00000000e+00  0.00000000e+00]",0.0,"[ 0.04173305  0.02315046 -0.04199711 ... -0.07212443 -0.01379154
  0.00988905]",[0 0 0 0 0],0.0,0.0
37,"[ 0.00000000e+00  4.65661287e-10 -2.60348244e-05 ...  0.00000000e+00
  0.00000000e+00  0.00000000e+00]","[ 0.00000000e+00  4.65661287e-10 -2.60348244e-05 ...  0.00000000e+00
  0.00000000e+00  0.00000000e+00]",0.0,"[ 0.04164959  0.02310416 -0.04191311 ... -0.07198018 -0.01376396
  0.00986928]",[0 0 0 0 0],0.0,0.0
38,"[ 0.00000000e+00  4.65661287e-10 -2.60348244e-05 ...  0.00000000e+00
  0.00000000e+00  0.00000000e+00]","[ 0.00000000e+00  4.65661287e-10 -2.60348244e-05 ...  0.00000000e+00
  0.00000000e+00  0.00000000e+00]",0.0,"[ 0.04156629  0.02305795 -0.04182929 ... -0.07183622 -0.01373643
  0.00984954]",[0 0 0 0 0],0.0,0.0
39,"[ 0.00000000e+00  4.65661287e-10 -2.60348244e-05 ...  0.00000000e+00
  0.00000000e+00  0.00000000e+00]","[ 0.00000000e+00  4.65661287e-10 -2.60348244e-05 ...  0.00000000e+00
  0.00000000e+00  0.00000000e+00]",0.0,"[ 0.04148315  0.02301183 -0.04174563 ... -0.07169254 -0.01370896
  0.00982984]",[0 0 0 0 0],0.0,0.0
40,"[ 0.00000000e+00  4.65661287e-10 -2.60348244e-05 ...  0.00000000e+00
  0.00000000e+00  0.00000000e+00]","[ 0.00000000e+00  4.65661287e-10 -2.60348244e-05 ...  0.00000000e+00
  0.00000000e+00  0.00000000e+00]",0.0,"[ 0.04140019  0.02296581 -0.04166214 ... -0.07154916 -0.01368154
  0.00981018]",[0 0 0 0 0],0.0,0.0
41,"[ 0.00000000e+00  4.65661287e-10 -2.60348244e-05 ...  0.00000000e+00
  0.00000000e+00  0.00000000e+00]","[ 0.00000000e+00  4.65661287e-10 -2.60348244e-05 ...  0.00000000e+00
  0.00000000e+00  0.00000000e+00]",0.0,"[ 0.04131739  0.02291988 -0.04157881 ... -0.07140606 -0.01365418
  0.00979056]",[0 0 0 0 0],0.0,0.0
42,"[ 0.00000000e+00  4.65661287e-10 -2.60348244e-05 ...  0.00000000e+00
  0.00000000e+00  0.00000000e+00]","[ 0.00000000e+00  4.65661287e-10 -2.60348244e-05 ...  0.00000000e+00
  0.00000000e+00  0.00000000e+00]",0.0,"[ 0.04123475  0.02287404 -0.04149566 ... -0.07126325 -0.01362687
  0.00977098]",[0 0 0 0 0],0.0,0.0
43,"[ 0.00000000e+00  4.65661287e-10 -2.60348244e-05 ...  0.00000000e+00
  0.00000000e+00  0.00000000e+00]","[ 0.00000000e+00  4.65661287e-10 -2.60348244e-05 ...  0.00000000e+00
  0.00000000e+00  0.00000000e+00]",0.0,"[ 0.04115228  0.02282829 -0.04141266 ... -0.07112072 -0.01359962
  0.00975143]",[0 0 0 0 0],0.0,0.0
44,"[ 0.00000000e+00  4.65661287e-10 -2.60348244e-05 ...  0.00000000e+00
  0.00000000e+00  0.00000000e+00]","[ 0.00000000e+00  4.65661287e-10 -2.60348244e-05 ...  0.00000000e+00
  0.00000000e+00  0.00000000e+00]",0.0,"[ 0.04106998  0.02278263 -0.04132984 ... -0.07097848 -0.01357242
  0.00973193]",[0 0 0 0 0],0.0,0.0
45,"[ 0.00000000e+00  4.65661287e-10 -2.60348244e-05 ...  0.00000000e+00
  0.00000000e+00  0.00000000e+00]","[ 0.00000000e+00  4.65661287e-10 -2.60348244e-05 ...  0.00000000e+00
  0.00000000e+00  0.00000000e+00]",0.0,"[ 0.04098784  0.02273707 -0.04124718 ... -0.07083652 -0.01354527
  0.00971247]",[0 0 0 0 0],0.0,0.0
46,"[ 0.00000000e+00  4.65661287e-10 -2.60348244e-05 ...  0.00000000e+00
  0.00000000e+00  0.00000000e+00]","[ 0.00000000e+00  4.65661287e-10 -2.60348244e-05 ...  0.00000000e+00
  0.00000000e+00  0.00000000e+00]",0.0,"[ 0.04090586  0.02269159 -0.04116468 ... -0.07069485 -0.01351818
  0.00969304]",[0 0 0 0 0],0.0,0.0
47,"[ 0.00000000e+00  4.65661287e-10 -2.60348244e-05 ...  0.00000000e+00
  0.00000000e+00  0.00000000e+00]","[ 0.00000000e+00  4.65661287e-10 -2.60348244e-05 ...  0.00000000e+00
  0.00000000e+00  0.00000000e+00]",0.0,"[ 0.04082405  0.02264621 -0.04108236 ... -0.07055346 -0.01349115
  0.00967366]",[0 0 0 0 0],0.0,0.0
48,"[ 0.00000000e+00  4.65661287e-10 -2.60348244e-05 ...  0.00000000e+00
  0.00000000e+00  0.00000000e+00]","[ 0.00000000e+00  4.65661287e-10 -2.60348244e-05 ...  0.00000000e+00
  0.00000000e+00  0.00000000e+00]",0.0,"[ 0.0407424   0.02260092 -0.04100019 ... -0.07041235 -0.01346416
  0.00965431]",[0 0 0 0 0],0.0,0.0
49,"[ 0.00000000e+00  4.65661287e-10 -2.60348244e-05 ...  0.00000000e+00
  0.00000000e+00  0.00000000e+00]","[ 0.00000000e+00  4.65661287e-10 -2.60348244e-05 ...  0.00000000e+00
  0.00000000e+00  0.00000000e+00]",0.0,"[ 0.04066092  0.02255572 -0.04091819 ... -0.07027153 -0.01343724
  0.009635  ]",[0 0 0 0 0],0.0,0.0
50,"[ 0.00000000e+00  4.65661287e-10 -2.60348244e-05 ...  0.00000000e+00
  0.00000000e+00  0.00000000e+00]","[ 0.00000000e+00  4.65661287e-10 -2.60348244e-05 ...  0.00000000e+00
  0.00000000e+00  0.00000000e+00]",0.0,"[ 0.0405796   0.02251061 -0.04083635 ... -0.07013099 -0.01341036
  0.00961573]",[0 0 0 0 0],0.0,0.0
51,"[ 0.00000000e+00  4.65661287e-10 -2.60348244e-05 ...  0.00000000e+00
  0.00000000e+00  0.00000000e+00]","[ 0.00000000e+00  4.65661287e-10 -2.60348244e-05 ...  0.00000000e+00
  0.00000000e+00  0.00000000e+00]",0.0,"[ 0.04049844  0.02246558 -0.04075468 ... -0.06999073 -0.01338354
  0.0095965 ]",[0 0 0 0 0],0.0,0.0
52,"[ 0.00000000e+00  4.65661287e-10 -2.60348244e-05 ...  0.00000000e+00
  0.00000000e+00  0.00000000e+00]","[ 0.00000000e+00  4.65661287e-10 -2.60348244e-05 ...  0.00000000e+00
  0.00000000e+00  0.00000000e+00]",0.0,"[ 0.04041744  0.02242065 -0.04067317 ... -0.06985074 -0.01335677
  0.00957731]",[0 0 0 0 0],0.0,0.0
53,"[ 0.00000000e+00  4.65661287e-10 -2.60348244e-05 ...  0.00000000e+00
  0.00000000e+00  0.00000000e+00]","[ 0.00000000e+00  4.65661287e-10 -2.60348244e-05 ...  0.00000000e+00
  0.00000000e+00  0.00000000e+00]",0.0,"[ 0.04033661  0.02237581 -0.04059183 ... -0.06971104 -0.01333006
  0.00955815]",[0 0 0 0 0],0.0,0.0
54,"[ 0.00000000e+00  4.65661287e-10 -2.60348244e-05 ...  0.00000000e+00
  0.00000000e+00  0.00000000e+00]","[ 0.00000000e+00  4.65661287e-10 -2.60348244e-05 ...  0.00000000e+00
  0.00000000e+00  0.00000000e+00]",0.0,"[ 0.04025593  0.02233106 -0.04051064 ... -0.06957162 -0.0133034
  0.00953904]",[0 0 0 0 0],0.0,0.0
55,"[ 0.00000000e+00  4.65661287e-10 -2.60348244e-05 ...  0.00000000e+00
  0.00000000e+00  0.00000000e+00]","[ 0.00000000e+00  4.65661287e-10 -2.60348244e-05 ...  0.00000000e+00
  0.00000000e+00  0.00000000e+00]",0.0,"[ 0.04017542  0.0222864  -0.04042962 ... -0.06943248 -0.01327679
  0.00951996]",[0 0 0 0 0],0.0,0.0
56,"[ 0.00000000e+00  4.65661287e-10 -2.60348244e-05 ...  0.00000000e+00
  0.00000000e+00  0.00000000e+00]","[ 0.00000000e+00  4.65661287e-10 -2.60348244e-05 ...  0.00000000e+00
  0.00000000e+00  0.00000000e+00]",0.0,"[ 0.04009507  0.02224183 -0.04034876 ... -0.06929361 -0.01325024
  0.00950092]",[0 0 0 0 0],0.0,0.0
57,"[ 0.00000000e+00  4.65661287e-10 -2.60348244e-05 ...  0.00000000e+00
  0.00000000e+00  0.00000000e+00]","[ 0.00000000e+00  4.65661287e-10 -2.60348244e-05 ...  0.00000000e+00
  0.00000000e+00  0.00000000e+00]",0.0,"[ 0.04001488  0.02219734 -0.04026806 ... -0.06915502 -0.01322374
  0.00948192]",[0 0 0 0 0],0.0,0.0
58,"[ 0.00000000e+00  4.65661287e-10 -2.60348244e-05 ...  0.00000000e+00
  0.00000000e+00  0.00000000e+00]","[ 0.00000000e+00  4.65661287e-10 -2.60348244e-05 ...  0.00000000e+00
  0.00000000e+00  0.00000000e+00]",0.0,"[ 0.03993485  0.02215295 -0.04018753 ... -0.06901671 -0.01319729
  0.00946295]",[0 0 0 0 0],0.0,0.0
59,"[ 0.00000000e+00  4.65661287e-10 -2.60348244e-05 ...  0.00000000e+00
  0.00000000e+00  0.00000000e+00]","[ 0.00000000e+00  4.65661287e-10 -2.60348244e-05 ...  0.00000000e+00
  0.00000000e+00  0.00000000e+00]",0.0,"[ 0.03985498  0.02210864 -0.04010715 ... -0.06887868 -0.0131709
  0.00944403]",[0 0 0 0 0],0.0,0.0
60,"[ 0.00000000e+00  4.65661287e-10 -2.60348244e-05 ...  0.00000000e+00
  0.00000000e+00  0.00000000e+00]","[ 0.00000000e+00  4.65661287e-10 -2.60348244e-05 ...  0.00000000e+00
  0.00000000e+00  0.00000000e+00]",0.0,"[ 0.03977527  0.02206442 -0.04002694 ... -0.06874092 -0.01314455
  0.00942514]",[0 0 0 0 0],0.0,0.0
61,"[ 0.00000000e+00  4.65661287e-10 -2.60348244e-05 ...  0.00000000e+00
  0.00000000e+00  0.00000000e+00]","[ 0.00000000e+00  4.65661287e-10 -2.60348244e-05 ...  0.00000000e+00
  0.00000000e+00  0.00000000e+00]",0.0,"[ 0.03969572  0.02202029 -0.03994688 ... -0.06860344 -0.01311827
  0.00940629]",[0 0 0 0 0],0.0,0.0
62,"[ 0.00000000e+00  4.65661287e-10 -2.60348244e-05 ...  0.00000000e+00
  0.00000000e+00  0.00000000e+00]","[ 0.00000000e+00  4.65661287e-10 -2.60348244e-05 ...  0.00000000e+00
  0.00000000e+00  0.00000000e+00]",0.0,"[ 0.03961633  0.02197625 -0.03986699 ... -0.06846624 -0.01309203
  0.00938748]",[0 0 0 0 0],0.0,0.0
63,"[ 0.00000000e+00  4.65661287e-10 -2.60348244e-05 ...  0.00000000e+00
  0.00000000e+00  0.00000000e+00]","[ 0.00000000e+00  4.65661287e-10 -2.60348244e-05 ...  0.00000000e+00
  0.00000000e+00  0.00000000e+00]",0.0,"[ 0.0395371   0.0219323  -0.03978726 ... -0.0683293  -0.01306585
  0.0093687 ]",[0 0 0 0 0],0.0,0.0
64,"[ 0.00000000e+00  4.65661287e-10 -2.60348244e-05 ...  0.00000000e+00
  0.00000000e+00  0.00000000e+00]","[ 0.00000000e+00  4.65661287e-10 -2.60348244e-05 ...  0.00000000e+00
  0.00000000e+00  0.00000000e+00]",0.0,"[ 0.03945802  0.02188844 -0.03970768 ... -0.06819264 -0.01303971
  0.00934996]",[0 0 0 0 0],0.0,0.0
65,"[ 0.00000000e+00  4.65661287e-10 -2.60348244e-05 ...  0.00000000e+00
  0.00000000e+00  0.00000000e+00]","[ 0.00000000e+00  4.65661287e-10 -2.60348244e-05 ...  0.00000000e+00
  0.00000000e+00  0.00000000e+00]",0.0,"[ 0.03937911  0.02184466 -0.03962827 ... -0.06805626 -0.01301363
  0.00933126]",[0 0 0 0 0],0.0,0.0
66,"[ 0.00000000e+00  4.65661287e-10 -2.60348244e-05 ...  0.00000000e+00
  0.00000000e+00  0.00000000e+00]","[ 0.00000000e+00  4.65661287e-10 -2.60348244e-05 ...  0.00000000e+00
  0.00000000e+00  0.00000000e+00]",0.0,"[ 0.03930035  0.02180097 -0.03954901 ... -0.06792015 -0.01298761
  0.0093126 ]",[0 0 0 0 0],0.0,0.0
67,"[ 0.00000000e+00  4.65661287e-10 -2.60348244e-05 ...  0.00000000e+00
  0.00000000e+00  0.00000000e+00]","[ 0.00000000e+00  4.65661287e-10 -2.60348244e-05 ...  0.00000000e+00
  0.00000000e+00  0.00000000e+00]",0.0,"[ 0.03922175  0.02175737 -0.03946991 ... -0.06778431 -0.01296163
  0.00929398]",[0 0 0 0 0],0.0,0.0
68,"[ 0.00000000e+00  4.65661287e-10 -2.60348244e-05 ...  0.00000000e+00
  0.00000000e+00  0.00000000e+00]","[ 0.00000000e+00  4.65661287e-10 -2.60348244e-05 ...  0.00000000e+00
  0.00000000e+00  0.00000000e+00]",0.0,"[ 0.0391433   0.02171385 -0.03939097 ... -0.06764874 -0.01293571
  0.00927539]",[0 0 0 0 0],0.0,0.0
69,"[ 0.00000000e+00  4.65661287e-10 -2.60348244e-05 ...  0.00000000e+00
  0.00000000e+00  0.00000000e+00]","[ 0.00000000e+00  4.65661287e-10 -2.60348244e-05 ...  0.00000000e+00
  0.00000000e+00  0.00000000e+00]",0.0,"[ 0.03906502  0.02167043 -0.03931219 ... -0.06751344 -0.01290984
  0.00925684]",[0 0 0 0 0],0.0,0.0
70,"[ 0.00000000e+00  4.65661287e-10 -2.60348244e-05 ...  0.00000000e+00
  0.00000000e+00  0.00000000e+00]","[ 0.00000000e+00  4.65661287e-10 -2.60348244e-05 ...  0.00000000e+00
  0.00000000e+00  0.00000000e+00]",0.0,"[ 0.03898689  0.02162709 -0.03923357 ... -0.06737841 -0.01288402
  0.00923832]",[0 0 0 0 0],0.0,0.0
71,"[ 0.00000000e+00  4.65661287e-10 -2.60348244e-05 ...  0.00000000e+00
  0.00000000e+00  0.00000000e+00]","[ 0.00000000e+00  4.65661287e-10 -2.60348244e-05 ...  0.00000000e+00
  0.00000000e+00  0.00000000e+00]",0.0,"[ 0.03890891  0.02158383 -0.0391551  ... -0.06724366 -0.01285825
  0.00921985]",[0 0 0 0 0],0.0,0.0
72,"[ 0.00000000e+00  4.65661287e-10 -2.60348244e-05 ...  0.00000000e+00
  0.00000000e+00  0.00000000e+00]","[ 0.00000000e+00  4.65661287e-10 -2.60348244e-05 ...  0.00000000e+00
  0.00000000e+00  0.00000000e+00]",0.0,"[ 0.03883109  0.02154066 -0.03907679 ... -0.06710917 -0.01283253
  0.00920141]",[0 0 0 0 0],0.0,0.0
73,"[ 0.00000000e+00  4.65661287e-10 -2.60348244e-05 ...  0.00000000e+00
  0.00000000e+00  0.00000000e+00]","[ 0.00000000e+00  4.65661287e-10 -2.60348244e-05 ...  0.00000000e+00
  0.00000000e+00  0.00000000e+00]",0.0,"[ 0.03875343  0.02149758 -0.03899864 ... -0.06697495 -0.01280687
  0.009183  ]",[0 0 0 0 0],0.0,0.0
74,"[ 0.00000000e+00  4.65661287e-10 -2.60348244e-05 ...  0.00000000e+00
  0.00000000e+00  0.00000000e+00]","[ 0.00000000e+00  4.65661287e-10 -2.60348244e-05 ...  0.00000000e+00
  0.00000000e+00  0.00000000e+00]",0.0,"[ 0.03867593  0.02145459 -0.03892064 ... -0.066841   -0.01278125
  0.00916464]",[0 0 0 0 0],0.0,0.0
75,"[ 0.00000000e+00  4.65661287e-10 -2.60348244e-05 ...  0.00000000e+00
  0.00000000e+00  0.00000000e+00]","[ 0.00000000e+00  4.65661287e-10 -2.60348244e-05 ...  0.00000000e+00
  0.00000000e+00  0.00000000e+00]",0.0,"[ 0.03859857  0.02141168 -0.0388428  ... -0.06670732 -0.01275569
  0.00914631]",[0 0 0 0 0],0.0,0.0
76,"[ 0.00000000e+00  4.65661287e-10 -2.60348244e-05 ...  0.00000000e+00
  0.00000000e+00  0.00000000e+00]","[ 0.00000000e+00  4.65661287e-10 -2.60348244e-05 ...  0.00000000e+00
  0.00000000e+00  0.00000000e+00]",0.0,"[ 0.03852138  0.02136885 -0.03876511 ... -0.0665739  -0.01273018
  0.00912802]",[0 0 0 0 0],0.0,0.0
77,"[ 0.00000000e+00  4.65661287e-10 -2.60348244e-05 ...  0.00000000e+00
  0.00000000e+00  0.00000000e+00]","[ 0.00000000e+00  4.65661287e-10 -2.60348244e-05 ...  0.00000000e+00
  0.00000000e+00  0.00000000e+00]",0.0,"[ 0.03844433  0.02132612 -0.03868758 ... -0.06644076 -0.01270472
  0.00910976]",[0 0 0 0 0],0.0,0.0
78,"[ 0.00000000e+00  4.65661287e-10 -2.60348244e-05 ...  0.00000000e+00
  0.00000000e+00  0.00000000e+00]","[ 0.00000000e+00  4.65661287e-10 -2.60348244e-05 ...  0.00000000e+00
  0.00000000e+00  0.00000000e+00]",0.0,"[ 0.03836744  0.02128346 -0.03861021 ... -0.06630787 -0.01267931
  0.00909154]",[0 0 0 0 0],0.0,0.0
79,"[ 0.00000000e+00  4.65661287e-10 -2.60348244e-05 ...  0.00000000e+00
  0.00000000e+00  0.00000000e+00]","[ 0.00000000e+00  4.65661287e-10 -2.60348244e-05 ...  0.00000000e+00
  0.00000000e+00  0.00000000e+00]",0.0,"[ 0.03829071  0.0212409  -0.03853299 ... -0.06617526 -0.01265395
  0.00907336]",[0 0 0 0 0],0.0,0.0
80,"[ 0.00000000e+00  4.65661287e-10 -2.60348244e-05 ...  0.00000000e+00
  0.00000000e+00  0.00000000e+00]","[ 0.00000000e+00  4.65661287e-10 -2.60348244e-05 ...  0.00000000e+00
  0.00000000e+00  0.00000000e+00]",0.0,"[ 0.03821413  0.02119842 -0.03845592 ... -0.06604291 -0.01262864
  0.00905521]",[0 0 0 0 0],0.0,0.0
81,"[ 0.00000000e+00  4.65661287e-10 -2.60348244e-05 ...  0.00000000e+00
  0.00000000e+00  0.00000000e+00]","[ 0.00000000e+00  4.65661287e-10 -2.60348244e-05 ...  0.00000000e+00
  0.00000000e+00  0.00000000e+00]",0.0,"[ 0.0381377   0.02115602 -0.03837901 ... -0.06591082 -0.01260339
  0.0090371 ]",[0 0 0 0 0],0.0,0.0
82,"[ 0.00000000e+00  4.65661287e-10 -2.60348244e-05 ...  0.00000000e+00
  0.00000000e+00  0.00000000e+00]","[ 0.00000000e+00  4.65661287e-10 -2.60348244e-05 ...  0.00000000e+00
  0.00000000e+00  0.00000000e+00]",0.0,"[ 0.03806143  0.02111371 -0.03830225 ... -0.065779   -0.01257818
  0.00901903]",[0 0 0 0 0],0.0,0.0
83,"[ 0.00000000e+00  4.65661287e-10 -2.60348244e-05 ...  0.00000000e+00
  0.00000000e+00  0.00000000e+00]","[ 0.00000000e+00  4.65661287e-10 -2.60348244e-05 ...  0.00000000e+00
  0.00000000e+00  0.00000000e+00]",0.0,"[ 0.0379853   0.02107148 -0.03822565 ... -0.06564744 -0.01255302
  0.00900099]",[0 0 0 0 0],0.0,0.0
84,"[ 0.00000000e+00  4.65661287e-10 -2.60348244e-05 ...  0.00000000e+00
  0.00000000e+00  0.00000000e+00]","[ 0.00000000e+00  4.65661287e-10 -2.60348244e-05 ...  0.00000000e+00
  0.00000000e+00  0.00000000e+00]",0.0,"[ 0.03790933  0.02102934 -0.03814919 ... -0.06551615 -0.01252792
  0.00898299]",[0 0 0 0 0],0.0,0.0
85,"[ 0.00000000e+00  4.65661287e-10 -2.60348244e-05 ...  0.00000000e+00
  0.00000000e+00  0.00000000e+00]","[ 0.00000000e+00  4.65661287e-10 -2.60348244e-05 ...  0.00000000e+00
  0.00000000e+00  0.00000000e+00]",0.0,"[ 0.03783351  0.02098728 -0.0380729  ... -0.06538512 -0.01250286
  0.00896502]",[0 0 0 0 0],0.0,0.0
86,"[ 0.00000000e+00  4.65661287e-10 -2.60348244e-05 ...  0.00000000e+00
  0.00000000e+00  0.00000000e+00]","[ 0.00000000e+00  4.65661287e-10 -2.60348244e-05 ...  0.00000000e+00
  0.00000000e+00  0.00000000e+00]",0.0,"[ 0.03775785  0.0209453  -0.03799675 ... -0.06525435 -0.01247786
  0.00894709]",[0 0 0 0 0],0.0,0.0
87,"[ 0.00000000e+00  4.65661287e-10 -2.60348244e-05 ...  0.00000000e+00
  0.00000000e+00  0.00000000e+00]","[ 0.00000000e+00  4.65661287e-10 -2.60348244e-05 ...  0.00000000e+00
  0.00000000e+00  0.00000000e+00]",0.0,"[ 0.03768233  0.02090341 -0.03792076 ... -0.06512384 -0.0124529
  0.0089292 ]",[0 0 0 0 0],0.0,0.0
88,"[ 0.00000000e+00  4.65661287e-10 -2.60348244e-05 ...  0.00000000e+00
  0.00000000e+00  0.00000000e+00]","[ 0.00000000e+00  4.65661287e-10 -2.60348244e-05 ...  0.00000000e+00
  0.00000000e+00  0.00000000e+00]",0.0,"[ 0.03760697  0.02086161 -0.03784491 ... -0.06499359 -0.01242799
  0.00891134]",[0 0 0 0 0],0.0,0.0
89,"[ 0.00000000e+00  4.65661287e-10 -2.60348244e-05 ...  0.00000000e+00
  0.00000000e+00  0.00000000e+00]","[ 0.00000000e+00  4.65661287e-10 -2.60348244e-05 ...  0.00000000e+00
  0.00000000e+00  0.00000000e+00]",0.0,"[ 0.03753175  0.02081988 -0.03776922 ... -0.0648636  -0.01240314
  0.00889351]",[0 0 0 0 0],0.0,0.0
90,"[ 0.00000000e+00  4.65661287e-10 -2.60348244e-05 ...  0.00000000e+00
  0.00000000e+00  0.00000000e+00]","[ 0.00000000e+00  4.65661287e-10 -2.60348244e-05 ...  0.00000000e+00
  0.00000000e+00  0.00000000e+00]",0.0,"[ 0.03745669  0.02077824 -0.03769369 ... -0.06473387 -0.01237833
  0.00887573]",[0 0 0 0 0],0.0,0.0
91,"[ 0.00000000e+00  4.65661287e-10 -2.60348244e-05 ...  0.00000000e+00
  0.00000000e+00  0.00000000e+00]","[ 0.00000000e+00  4.65661287e-10 -2.60348244e-05 ...  0.00000000e+00
  0.00000000e+00  0.00000000e+00]",0.0,"[ 0.03738177  0.02073669 -0.0376183  ... -0.06460441 -0.01235358
  0.00885798]",[0 0 0 0 0],0.0,0.0
92,"[ 0.00000000e+00  4.65661287e-10 -2.60348244e-05 ...  0.00000000e+00
  0.00000000e+00  0.00000000e+00]","[ 0.00000000e+00  4.65661287e-10 -2.60348244e-05 ...  0.00000000e+00
  0.00000000e+00  0.00000000e+00]",0.0,"[ 0.03730701  0.02069521 -0.03754306 ... -0.0644752  -0.01232887
  0.00884026]",[0 0 0 0 0],0.0,0.0
93,"[ 0.00000000e+00  4.65661287e-10 -2.60348244e-05 ...  0.00000000e+00
  0.00000000e+00  0.00000000e+00]","[ 0.00000000e+00  4.65661287e-10 -2.60348244e-05 ...  0.00000000e+00
  0.00000000e+00  0.00000000e+00]",0.0,"[ 0.0372324   0.02065382 -0.03746798 ... -0.06434625 -0.01230421
  0.00882258]",[0 0 0 0 0],0.0,0.0
94,"[ 0.00000000e+00  4.65661287e-10 -2.60348244e-05 ...  0.00000000e+00
  0.00000000e+00  0.00000000e+00]","[ 0.00000000e+00  4.65661287e-10 -2.60348244e-05 ...  0.00000000e+00
  0.00000000e+00  0.00000000e+00]",0.0,"[ 0.03715793  0.02061252 -0.03739304 ... -0.06421756 -0.0122796
  0.00880493]",[0 0 0 0 0],0.0,0.0
95,"[ 0.00000000e+00  4.65661287e-10 -2.60348244e-05 ...  0.00000000e+00
  0.00000000e+00  0.00000000e+00]","[ 0.00000000e+00  4.65661287e-10 -2.60348244e-05 ...  0.00000000e+00
  0.00000000e+00  0.00000000e+00]",0.0,"[ 0.03708362  0.02057129 -0.03731825 ... -0.06408912 -0.01225504
  0.00878732]",[0 0 0 0 0],0.0,0.0
96,"[ 0.00000000e+00  4.65661287e-10 -2.60348244e-05 ...  0.00000000e+00
  0.00000000e+00  0.00000000e+00]","[ 0.00000000e+00  4.65661287e-10 -2.60348244e-05 ...  0.00000000e+00
  0.00000000e+00  0.00000000e+00]",0.0,"[ 0.03700945  0.02053015 -0.03724362 ... -0.06396094 -0.01223053
  0.00876975]",[0 0 0 0 0],0.0,0.0
97,"[ 0.00000000e+00  4.65661287e-10 -2.60348244e-05 ...  0.00000000e+00
  0.00000000e+00  0.00000000e+00]","[ 0.00000000e+00  4.65661287e-10 -2.60348244e-05 ...  0.00000000e+00
  0.00000000e+00  0.00000000e+00]",0.0,"[ 0.03693543  0.02048909 -0.03716913 ... -0.06383302 -0.01220607
  0.00875221]",[0 0 0 0 0],0.0,0.0
98,"[ 0.00000000e+00  4.65661287e-10 -2.60348244e-05 ...  0.00000000e+00
  0.00000000e+00  0.00000000e+00]","[ 0.00000000e+00  4.65661287e-10 -2.60348244e-05 ...  0.00000000e+00
  0.00000000e+00  0.00000000e+00]",0.0,"[ 0.03686156  0.02044811 -0.03709479 ... -0.06370535 -0.01218166
  0.00873471]",[0 0 0 0 0],0.0,0.0
99,"[ 0.00000000e+00  4.65661287e-10 -2.60348244e-05 ...  0.00000000e+00
  0.00000000e+00  0.00000000e+00]","[ 0.00000000e+00  4.65661287e-10 -2.60348244e-05 ...  0.00000000e+00
  0.00000000e+00  0.00000000e+00]",0.0,"[ 0.03678784  0.02040721 -0.0370206  ... -0.06357794 -0.0121573
  0.00871724]",[0 0 0 0 0],0.0,0.0
100,"[ 0.00000000e+00  4.65661287e-10 -2.60348244e-05 ...  0.00000000e+00
  0.00000000e+00  0.00000000e+00]","[ 0.00000000e+00  4.65661287e-10 -2.60348244e-05 ...  0.00000000e+00
  0.00000000e+00  0.00000000e+00]",0.0,"[ 0.03671426  0.0203664  -0.03694656 ... -0.06345079 -0.01213298
  0.0086998 ]",[0 0 0 0 0],0.0,0.0
